timestamp,position_x,position_y,position_z,orientation_x,orientation_y,orientation_z,orientation_w,covariance
1738937758012182879,4.086471518987341,-1.0548013245033117,0.0,0.0,0.0,0.0,1.0,"[np.float64(1.0), np.float64(0.0), np.float64(0.0), np.float64(-0.0), np.float64(-0.0), np.float64(-0.0), np.float64(0.0), np.float64(1.0), np.float64(0.0), np.float64(-0.0), np.float64(-0.0), np.float64(-0.0), np.float64(0.0), np.float64(0.0), np.float64(1.0), np.float64(-0.0), np.float64(-0.0), np.float64(-0.0), np.float64(-0.0), np.float64(-0.0), np.float64(-0.0), np.float64(-1.0), np.float64(-0.0), np.float64(-0.0), np.float64(-0.0), np.float64(-0.0), np.float64(-0.0), np.float64(-0.0), np.float64(-1.0), np.float64(-0.0), np.float64(-0.0), np.float64(-0.0), np.float64(-0.0), np.float64(-0.0), np.float64(-0.0), np.float64(-1.0)]"
1738937759012171483,4.509414556962028,-0.564072847682121,0.0,0.0,0.0,0.0,1.0,"[np.float64(1.0), np.float64(0.0), np.float64(0.0), np.float64(-0.0), np.float64(-0.0), np.float64(-0.0), np.float64(0.0), np.float64(1.0), np.float64(0.0), np.float64(-0.0), np.float64(-0.0), np.float64(-0.0), np.float64(0.0), np.float64(0.0), np.float64(1.0), np.float64(-0.0), np.float64(-0.0), np.float64(-0.0), np.float64(-0.0), np.float64(-0.0), np.float64(-0.0), np.float64(-1.0), np.float64(-0.0), np.float64(-0.0), np.float64(-0.0), np.float64(-0.0), np.float64(-0.0), np.float64(-0.0), np.float64(-1.0), np.float64(-0.0), np.float64(-0.0), np.float64(-0.0), np.float64(-0.0), np.float64(-0.0), np.float64(-0.0), np.float64(-1.0)]"
1738937760012188382,4.509414556962028,-0.564072847682121,0.0,0.0,0.0,0.0,1.0,"[np.float64(1.0), np.float64(0.0), np.float64(0.0), np.float64(-0.0), np.float64(-0.0), np.float64(-0.0), np.float64(0.0), np.float64(1.0), np.float64(0.0), np.float64(-0.0), np.float64(-0.0), np.float64(-0.0), np.float64(0.0), np.float64(0.0), np.float64(1.0), np.float64(-0.0), np.float64(-0.0), np.float64(-0.0), np.float64(-0.0), np.float64(-0.0), np.float64(-0.0), np.float64(-1.0), np.float64(-0.0), np.float64(-0.0), np.float64(-0.0), np.float64(-0.0), np.float64(-0.0), np.float64(-0.0), np.float64(-1.0), np.float64(-0.0), np.float64(-0.0), np.float64(-0.0), np.float64(-0.0), np.float64(-0.0), np.float64(-0.0), np.float64(-1.0)]"
1738937761012215892,4.913924050632913,-0.21688741721854343,0.0,0.0,0.0,0.0,1.0,"[np.float64(1.0), np.float64(0.0), np.float64(0.0), np.float64(-0.0), np.float64(-0.0), np.float64(-0.0), np.float64(0.0), np.float64(1.0), np.float64(0.0), np.float64(-0.0), np.float64(-0.0), np.float64(-0.0), np.float64(0.0), np.float64(0.0), np.float64(1.0), np.float64(-0.0), np.float64(-0.0), np.float64(-0.0), np.float64(-0.0), np.float64(-0.0), np.float64(-0.0), np.float64(-1.0), np.float64(-0.0), np.float64(-0.0), np.float64(-0.0), np.float64(-0.0), np.float64(-0.0), np.float64(-0.0), np.float64(-1.0), np.float64(-0.0), np.float64(-0.0), np.float64(-0.0), np.float64(-0.0), np.float64(-0.0), np.float64(-0.0), np.float64(-1.0)]"
1738937762012761473,5.369462025316455,0.35331125827814996,0.0,0.0,0.0,0.0,1.0,"[np.float64(1.0), np.float64(0.0), np.float64(0.0), np.float64(-0.0), np.float64(-0.0), np.float64(-0.0), np.float64(0.0), np.float64(1.0), np.float64(0.0), np.float64(-0.0), np.float64(-0.0), np.float64(-0.0), np.float64(0.0), np.float64(0.0), np.float64(1.0), np.float64(-0.0), np.float64(-0.0), np.float64(-0.0), np.float64(-0.0), np.float64(-0.0), np.float64(-0.0), np.float64(-1.0), np.float64(-0.0), np.float64(-0.0), np.float64(-0.0), np.float64(-0.0), np.float64(-0.0), np.float64(-0.0), np.float64(-1.0), np.float64(-0.0), np.float64(-0.0), np.float64(-0.0), np.float64(-0.0), np.float64(-0.0), np.float64(-0.0), np.float64(-1.0)]"
1738937763012997530,5.7687500000000025,0.7041390728476853,0.0,0.0,0.0,0.0,1.0,"[np.float64(1.0), np.float64(0.0), np.float64(0.0), np.float64(-0.0), np.float64(-0.0), np.float64(-0.0), np.float64(0.0), np.float64(1.0), np.float64(0.0), np.float64(-0.0), np.float64(-0.0), np.float64(-0.0), np.float64(0.0), np.float64(0.0), np.float64(1.0), np.float64(-0.0), np.float64(-0.0), np.float64(-0.0), np.float64(-0.0), np.float64(-0.0), np.float64(-0.0), np.float64(-1.0), np.float64(-0.0), np.float64(-0.0), np.float64(-0.0), np.float64(-0.0), np.float64(-0.0), np.float64(-0.0), np.float64(-1.0), np.float64(-0.0), np.float64(-0.0), np.float64(-0.0), np.float64(-0.0), np.float64(-0.0), np.float64(-0.0), np.float64(-1.0)]"
1738937764012790216,6.199050632911394,1.1278145695364237,0.0,0.0,0.0,0.0,1.0,"[np.float64(1.0), np.float64(0.0), np.float64(0.0), np.float64(-0.0), np.float64(-0.0), np.float64(-0.0), np.float64(0.0), np.float64(1.0), np.float64(0.0), np.float64(-0.0), np.float64(-0.0), np.float64(-0.0), np.float64(0.0), np.float64(0.0), np.float64(1.0), np.float64(-0.0), np.float64(-0.0), np.float64(-0.0), np.float64(-0.0), np.float64(-0.0), np.float64(-0.0), np.float64(-1.0), np.float64(-0.0), np.float64(-0.0), np.float64(-0.0), np.float64(-0.0), np.float64(-0.0), np.float64(-0.0), np.float64(-1.0), np.float64(-0.0), np.float64(-0.0), np.float64(-0.0), np.float64(-0.0), np.float64(-0.0), np.float64(-0.0), np.float64(-1.0)]"
1738937765012905982,6.673417721518989,1.5473509933774863,0.0,0.0,0.0,0.0,1.0,"[np.float64(1.0), np.float64(0.0), np.float64(0.0), np.float64(-0.0), np.float64(-0.0), np.float64(-0.0), np.float64(0.0), np.float64(1.0), np.float64(0.0), np.float64(-0.0), np.float64(-0.0), np.float64(-0.0), np.float64(0.0), np.float64(0.0), np.float64(1.0), np.float64(-0.0), np.float64(-0.0), np.float64(-0.0), np.float64(-0.0), np.float64(-0.0), np.float64(-0.0), np.float64(-1.0), np.float64(-0.0), np.float64(-0.0), np.float64(-0.0), np.float64(-0.0), np.float64(-0.0), np.float64(-0.0), np.float64(-1.0), np.float64(-0.0), np.float64(-0.0), np.float64(-0.0), np.float64(-0.0), np.float64(-0.0), np.float64(-0.0), np.float64(-1.0)]"
1738937766012852013,7.347468354430379,1.960596026490068,0.0,0.0,0.0,0.0,1.0,"[np.float64(1.0), np.float64(0.0), np.float64(0.0), np.float64(-0.0), np.float64(-0.0), np.float64(-0.0), np.float64(0.0), np.float64(1.0), np.float64(0.0), np.float64(-0.0), np.float64(-0.0), np.float64(-0.0), np.float64(0.0), np.float64(0.0), np.float64(1.0), np.float64(-0.0), np.float64(-0.0), np.float64(-0.0), np.float64(-0.0), np.float64(-0.0), np.float64(-0.0), np.float64(-1.0), np.float64(-0.0), np.float64(-0.0), np.float64(-0.0), np.float64(-0.0), np.float64(-0.0), np.float64(-0.0), np.float64(-1.0), np.float64(-0.0), np.float64(-0.0), np.float64(-0.0), np.float64(-0.0), np.float64(-0.0), np.float64(-0.0), np.float64(-1.0)]"
1738937767013259396,7.913212025316456,2.12102649006623,0.0,0.0,0.0,0.0,1.0,"[np.float64(1.0), np.float64(0.0), np.float64(0.0), np.float64(-0.0), np.float64(-0.0), np.float64(-0.0), np.float64(0.0), np.float64(1.0), np.float64(0.0), np.float64(-0.0), np.float64(-0.0), np.float64(-0.0), np.float64(0.0), np.float64(0.0), np.float64(1.0), np.float64(-0.0), np.float64(-0.0), np.float64(-0.0), np.float64(-0.0), np.float64(-0.0), np.float64(-0.0), np.float64(-1.0), np.float64(-0.0), np.float64(-0.0), np.float64(-0.0), np.float64(-0.0), np.float64(-0.0), np.float64(-0.0), np.float64(-1.0), np.float64(-0.0), np.float64(-0.0), np.float64(-0.0), np.float64(-0.0), np.float64(-0.0), np.float64(-0.0), np.float64(-1.0)]"
1738937768012988214,7.913212025316456,2.12102649006623,0.0,0.0,0.0,0.0,1.0,"[np.float64(1.0), np.float64(0.0), np.float64(0.0), np.float64(-0.0), np.float64(-0.0), np.float64(-0.0), np.float64(0.0), np.float64(1.0), np.float64(0.0), np.float64(-0.0), np.float64(-0.0), np.float64(-0.0), np.float64(0.0), np.float64(0.0), np.float64(1.0), np.float64(-0.0), np.float64(-0.0), np.float64(-0.0), np.float64(-0.0), np.float64(-0.0), np.float64(-0.0), np.float64(-1.0), np.float64(-0.0), np.float64(-0.0), np.float64(-0.0), np.float64(-0.0), np.float64(-0.0), np.float64(-0.0), np.float64(-1.0), np.float64(-0.0), np.float64(-0.0), np.float64(-0.0), np.float64(-0.0), np.float64(-0.0), np.float64(-0.0), np.float64(-1.0)]"
1738937769012945875,8.50363924050633,1.925496688741724,0.0,0.0,0.0,0.0,1.0,"[np.float64(1.0), np.float64(0.0), np.float64(0.0), np.float64(-0.0), np.float64(-0.0), np.float64(-0.0), np.float64(0.0), np.float64(1.0), np.float64(0.0), np.float64(-0.0), np.float64(-0.0), np.float64(-0.0), np.float64(0.0), np.float64(0.0), np.float64(1.0), np.float64(-0.0), np.float64(-0.0), np.float64(-0.0), np.float64(-0.0), np.float64(-0.0), np.float64(-0.0), np.float64(-1.0), np.float64(-0.0), np.float64(-0.0), np.float64(-0.0), np.float64(-0.0), np.float64(-0.0), np.float64(-0.0), np.float64(-1.0), np.float64(-0.0), np.float64(-0.0), np.float64(-0.0), np.float64(-0.0), np.float64(-0.0), np.float64(-0.0), np.float64(-1.0)]"
1738937770013041993,9.089319620253166,1.677317880794703,0.0,0.0,0.0,0.0,1.0,"[np.float64(1.0), np.float64(0.0), np.float64(0.0), np.float64(-0.0), np.float64(-0.0), np.float64(-0.0), np.float64(0.0), np.float64(1.0), np.float64(0.0), np.float64(-0.0), np.float64(-0.0), np.float64(-0.0), np.float64(0.0), np.float64(0.0), np.float64(1.0), np.float64(-0.0), np.float64(-0.0), np.float64(-0.0), np.float64(-0.0), np.float64(-0.0), np.float64(-0.0), np.float64(-1.0), np.float64(-0.0), np.float64(-0.0), np.float64(-0.0), np.float64(-0.0), np.float64(-0.0), np.float64(-0.0), np.float64(-1.0), np.float64(-0.0), np.float64(-0.0), np.float64(-0.0), np.float64(-0.0), np.float64(-0.0), np.float64(-0.0), np.float64(-1.0)]"
1738937771012948341,9.537658227848102,1.2976821192053007,0.0,0.0,0.0,0.0,1.0,"[np.float64(1.0), np.float64(0.0), np.float64(0.0), np.float64(-0.0), np.float64(-0.0), np.float64(-0.0), np.float64(0.0), np.float64(1.0), np.float64(0.0), np.float64(-0.0), np.float64(-0.0), np.float64(-0.0), np.float64(0.0), np.float64(0.0), np.float64(1.0), np.float64(-0.0), np.float64(-0.0), np.float64(-0.0), np.float64(-0.0), np.float64(-0.0), np.float64(-0.0), np.float64(-1.0), np.float64(-0.0), np.float64(-0.0), np.float64(-0.0), np.float64(-0.0), np.float64(-0.0), np.float64(-0.0), np.float64(-1.0), np.float64(-0.0), np.float64(-0.0), np.float64(-0.0), np.float64(-0.0), np.float64(-0.0), np.float64(-0.0), np.float64(-1.0)]"
1738937772013640102,10.215427215189875,1.252814569536425,0.0,0.0,0.0,0.0,1.0,"[np.float64(1.0), np.float64(0.0), np.float64(0.0), np.float64(-0.0), np.float64(-0.0), np.float64(-0.0), np.float64(0.0), np.float64(1.0), np.float64(0.0), np.float64(-0.0), np.float64(-0.0), np.float64(-0.0), np.float64(0.0), np.float64(0.0), np.float64(1.0), np.float64(-0.0), np.float64(-0.0), np.float64(-0.0), np.float64(-0.0), np.float64(-0.0), np.float64(-0.0), np.float64(-1.0), np.float64(-0.0), np.float64(-0.0), np.float64(-0.0), np.float64(-0.0), np.float64(-0.0), np.float64(-0.0), np.float64(-1.0), np.float64(-0.0), np.float64(-0.0), np.float64(-0.0), np.float64(-0.0), np.float64(-0.0), np.float64(-0.0), np.float64(-1.0)]"
1738937773012966547,11.090506329113921,1.2258278145695405,0.0,0.0,0.0,0.0,1.0,"[np.float64(1.0), np.float64(0.0), np.float64(0.0), np.float64(-0.0), np.float64(-0.0), np.float64(-0.0), np.float64(0.0), np.float64(1.0), np.float64(0.0), np.float64(-0.0), np.float64(-0.0), np.float64(-0.0), np.float64(0.0), np.float64(0.0), np.float64(1.0), np.float64(-0.0), np.float64(-0.0), np.float64(-0.0), np.float64(-0.0), np.float64(-0.0), np.float64(-0.0), np.float64(-1.0), np.float64(-0.0), np.float64(-0.0), np.float64(-0.0), np.float64(-0.0), np.float64(-0.0), np.float64(-0.0), np.float64(-1.0), np.float64(-0.0), np.float64(-0.0), np.float64(-0.0), np.float64(-0.0), np.float64(-0.0), np.float64(-0.0), np.float64(-1.0)]"
1738937774012934837,11.65759493670886,1.6000000000000025,0.0,0.0,0.0,0.0,1.0,"[np.float64(1.0), np.float64(0.0), np.float64(0.0), np.float64(-0.0), np.float64(-0.0), np.float64(-0.0), np.float64(0.0), np.float64(1.0), np.float64(0.0), np.float64(-0.0), np.float64(-0.0), np.float64(-0.0), np.float64(0.0), np.float64(0.0), np.float64(1.0), np.float64(-0.0), np.float64(-0.0), np.float64(-0.0), np.float64(-0.0), np.float64(-0.0), np.float64(-0.0), np.float64(-1.0), np.float64(-0.0), np.float64(-0.0), np.float64(-0.0), np.float64(-0.0), np.float64(-0.0), np.float64(-0.0), np.float64(-1.0), np.float64(-0.0), np.float64(-0.0), np.float64(-0.0), np.float64(-0.0), np.float64(-0.0), np.float64(-0.0), np.float64(-1.0)]"
1738937775013131433,12.071598101265824,2.6796357615894024,0.0,0.0,0.0,0.0,1.0,"[np.float64(1.0), np.float64(0.0), np.float64(0.0), np.float64(-0.0), np.float64(-0.0), np.float64(-0.0), np.float64(0.0), np.float64(1.0), np.float64(0.0), np.float64(-0.0), np.float64(-0.0), np.float64(-0.0), np.float64(0.0), np.float64(0.0), np.float64(1.0), np.float64(-0.0), np.float64(-0.0), np.float64(-0.0), np.float64(-0.0), np.float64(-0.0), np.float64(-0.0), np.float64(-1.0), np.float64(-0.0), np.float64(-0.0), np.float64(-0.0), np.float64(-0.0), np.float64(-0.0), np.float64(-0.0), np.float64(-1.0), np.float64(-0.0), np.float64(-0.0), np.float64(-0.0), np.float64(-0.0), np.float64(-0.0), np.float64(-0.0), np.float64(-1.0)]"
1738937776014366153,11.989873417721519,3.5817880794701997,0.0,0.0,0.0,0.0,1.0,"[np.float64(1.0), np.float64(0.0), np.float64(0.0), np.float64(-0.0), np.float64(-0.0), np.float64(-0.0), np.float64(0.0), np.float64(1.0), np.float64(0.0), np.float64(-0.0), np.float64(-0.0), np.float64(-0.0), np.float64(0.0), np.float64(0.0), np.float64(1.0), np.float64(-0.0), np.float64(-0.0), np.float64(-0.0), np.float64(-0.0), np.float64(-0.0), np.float64(-0.0), np.float64(-1.0), np.float64(-0.0), np.float64(-0.0), np.float64(-0.0), np.float64(-0.0), np.float64(-0.0), np.float64(-0.0), np.float64(-1.0), np.float64(-0.0), np.float64(-0.0), np.float64(-0.0), np.float64(-0.0), np.float64(-0.0), np.float64(-0.0), np.float64(-1.0)]"
1738937777013071771,11.989873417721519,3.5817880794701997,0.0,0.0,0.0,0.0,1.0,"[np.float64(1.0), np.float64(0.0), np.float64(0.0), np.float64(-0.0), np.float64(-0.0), np.float64(-0.0), np.float64(0.0), np.float64(1.0), np.float64(0.0), np.float64(-0.0), np.float64(-0.0), np.float64(-0.0), np.float64(0.0), np.float64(0.0), np.float64(1.0), np.float64(-0.0), np.float64(-0.0), np.float64(-0.0), np.float64(-0.0), np.float64(-0.0), np.float64(-0.0), np.float64(-1.0), np.float64(-0.0), np.float64(-0.0), np.float64(-0.0), np.float64(-0.0), np.float64(-0.0), np.float64(-0.0), np.float64(-1.0), np.float64(-0.0), np.float64(-0.0), np.float64(-0.0), np.float64(-0.0), np.float64(-0.0), np.float64(-0.0), np.float64(-1.0)]"
1738937778013083041,11.50261075949367,4.424006622516558,0.0,0.0,0.0,0.0,1.0,"[np.float64(1.0), np.float64(0.0), np.float64(0.0), np.float64(-0.0), np.float64(-0.0), np.float64(-0.0), np.float64(0.0), np.float64(1.0), np.float64(0.0), np.float64(-0.0), np.float64(-0.0), np.float64(-0.0), np.float64(0.0), np.float64(0.0), np.float64(1.0), np.float64(-0.0), np.float64(-0.0), np.float64(-0.0), np.float64(-0.0), np.float64(-0.0), np.float64(-0.0), np.float64(-1.0), np.float64(-0.0), np.float64(-0.0), np.float64(-0.0), np.float64(-0.0), np.float64(-0.0), np.float64(-0.0), np.float64(-1.0), np.float64(-0.0), np.float64(-0.0), np.float64(-0.0), np.float64(-0.0), np.float64(-0.0), np.float64(-0.0), np.float64(-1.0)]"
1738937779013335079,11.50261075949367,4.424006622516558,0.0,0.0,0.0,0.0,1.0,"[np.float64(1.0), np.float64(0.0), np.float64(0.0), np.float64(-0.0), np.float64(-0.0), np.float64(-0.0), np.float64(0.0), np.float64(1.0), np.float64(0.0), np.float64(-0.0), np.float64(-0.0), np.float64(-0.0), np.float64(0.0), np.float64(0.0), np.float64(1.0), np.float64(-0.0), np.float64(-0.0), np.float64(-0.0), np.float64(-0.0), np.float64(-0.0), np.float64(-0.0), np.float64(-1.0), np.float64(-0.0), np.float64(-0.0), np.float64(-0.0), np.float64(-0.0), np.float64(-0.0), np.float64(-0.0), np.float64(-1.0), np.float64(-0.0), np.float64(-0.0), np.float64(-0.0), np.float64(-0.0), np.float64(-0.0), np.float64(-0.0), np.float64(-1.0)]"
1738937780013181170,11.50261075949367,4.424006622516558,0.0,0.0,0.0,0.0,1.0,"[np.float64(1.0), np.float64(0.0), np.float64(0.0), np.float64(-0.0), np.float64(-0.0), np.float64(-0.0), np.float64(0.0), np.float64(1.0), np.float64(0.0), np.float64(-0.0), np.float64(-0.0), np.float64(-0.0), np.float64(0.0), np.float64(0.0), np.float64(1.0), np.float64(-0.0), np.float64(-0.0), np.float64(-0.0), np.float64(-0.0), np.float64(-0.0), np.float64(-0.0), np.float64(-1.0), np.float64(-0.0), np.float64(-0.0), np.float64(-0.0), np.float64(-0.0), np.float64(-0.0), np.float64(-0.0), np.float64(-1.0), np.float64(-0.0), np.float64(-0.0), np.float64(-0.0), np.float64(-0.0), np.float64(-0.0), np.float64(-0.0), np.float64(-1.0)]"
1738937781012973245,9.20142405063291,5.837417218543047,0.0,0.0,0.0,0.0,1.0,"[np.float64(1.0), np.float64(0.0), np.float64(0.0), np.float64(-0.0), np.float64(-0.0), np.float64(-0.0), np.float64(0.0), np.float64(1.0), np.float64(0.0), np.float64(-0.0), np.float64(-0.0), np.float64(-0.0), np.float64(0.0), np.float64(0.0), np.float64(1.0), np.float64(-0.0), np.float64(-0.0), np.float64(-0.0), np.float64(-0.0), np.float64(-0.0), np.float64(-0.0), np.float64(-1.0), np.float64(-0.0), np.float64(-0.0), np.float64(-0.0), np.float64(-0.0), np.float64(-0.0), np.float64(-0.0), np.float64(-1.0), np.float64(-0.0), np.float64(-0.0), np.float64(-0.0), np.float64(-0.0), np.float64(-0.0), np.float64(-0.0), np.float64(-1.0)]"
1738937782013221560,8.697151898734177,5.016887417218541,0.0,0.0,0.0,0.0,1.0,"[np.float64(1.0), np.float64(0.0), np.float64(0.0), np.float64(-0.0), np.float64(-0.0), np.float64(-0.0), np.float64(0.0), np.float64(1.0), np.float64(0.0), np.float64(-0.0), np.float64(-0.0), np.float64(-0.0), np.float64(0.0), np.float64(0.0), np.float64(1.0), np.float64(-0.0), np.float64(-0.0), np.float64(-0.0), np.float64(-0.0), np.float64(-0.0), np.float64(-0.0), np.float64(-1.0), np.float64(-0.0), np.float64(-0.0), np.float64(-0.0), np.float64(-0.0), np.float64(-0.0), np.float64(-0.0), np.float64(-1.0), np.float64(-0.0), np.float64(-0.0), np.float64(-0.0), np.float64(-0.0), np.float64(-0.0), np.float64(-0.0), np.float64(-1.0)]"
1738937783013005302,8.194382911392406,4.670695364238411,0.0,0.0,0.0,0.0,1.0,"[np.float64(1.0), np.float64(0.0), np.float64(0.0), np.float64(-0.0), np.float64(-0.0), np.float64(-0.0), np.float64(0.0), np.float64(1.0), np.float64(0.0), np.float64(-0.0), np.float64(-0.0), np.float64(-0.0), np.float64(0.0), np.float64(0.0), np.float64(1.0), np.float64(-0.0), np.float64(-0.0), np.float64(-0.0), np.float64(-0.0), np.float64(-0.0), np.float64(-0.0), np.float64(-1.0), np.float64(-0.0), np.float64(-0.0), np.float64(-0.0), np.float64(-0.0), np.float64(-0.0), np.float64(-0.0), np.float64(-1.0), np.float64(-0.0), np.float64(-0.0), np.float64(-0.0), np.float64(-0.0), np.float64(-0.0), np.float64(-0.0), np.float64(-1.0)]"
1738937784013154733,7.394541139240508,3.906788079470198,0.0,0.0,0.0,0.0,1.0,"[np.float64(1.0), np.float64(0.0), np.float64(0.0), np.float64(-0.0), np.float64(-0.0), np.float64(-0.0), np.float64(0.0), np.float64(1.0), np.float64(0.0), np.float64(-0.0), np.float64(-0.0), np.float64(-0.0), np.float64(0.0), np.float64(0.0), np.float64(1.0), np.float64(-0.0), np.float64(-0.0), np.float64(-0.0), np.float64(-0.0), np.float64(-0.0), np.float64(-0.0), np.float64(-1.0), np.float64(-0.0), np.float64(-0.0), np.float64(-0.0), np.float64(-0.0), np.float64(-0.0), np.float64(-0.0), np.float64(-1.0), np.float64(-0.0), np.float64(-0.0), np.float64(-0.0), np.float64(-0.0), np.float64(-0.0), np.float64(-0.0), np.float64(-1.0)]"
1738937785013196205,7.394541139240508,3.906788079470198,0.0,0.0,0.0,0.0,1.0,"[np.float64(1.0), np.float64(0.0), np.float64(0.0), np.float64(-0.0), np.float64(-0.0), np.float64(-0.0), np.float64(0.0), np.float64(1.0), np.float64(0.0), np.float64(-0.0), np.float64(-0.0), np.float64(-0.0), np.float64(0.0), np.float64(0.0), np.float64(1.0), np.float64(-0.0), np.float64(-0.0), np.float64(-0.0), np.float64(-0.0), np.float64(-0.0), np.float64(-0.0), np.float64(-1.0), np.float64(-0.0), np.float64(-0.0), np.float64(-0.0), np.float64(-0.0), np.float64(-0.0), np.float64(-0.0), np.float64(-1.0), np.float64(-0.0), np.float64(-0.0), np.float64(-0.0), np.float64(-0.0), np.float64(-0.0), np.float64(-0.0), np.float64(-1.0)]"
1738937786014529958,6.827927215189872,4.090562913907286,0.0,0.0,0.0,0.0,1.0,"[np.float64(1.0), np.float64(0.0), np.float64(0.0), np.float64(-0.0), np.float64(-0.0), np.float64(-0.0), np.float64(0.0), np.float64(1.0), np.float64(0.0), np.float64(-0.0), np.float64(-0.0), np.float64(-0.0), np.float64(0.0), np.float64(0.0), np.float64(1.0), np.float64(-0.0), np.float64(-0.0), np.float64(-0.0), np.float64(-0.0), np.float64(-0.0), np.float64(-0.0), np.float64(-1.0), np.float64(-0.0), np.float64(-0.0), np.float64(-0.0), np.float64(-0.0), np.float64(-0.0), np.float64(-0.0), np.float64(-1.0), np.float64(-0.0), np.float64(-0.0), np.float64(-0.0), np.float64(-0.0), np.float64(-0.0), np.float64(-0.0), np.float64(-1.0)]"
1738937787012744096,6.15379746835443,4.584437086092719,0.0,0.0,0.0,0.0,1.0,"[np.float64(1.0), np.float64(0.0), np.float64(0.0), np.float64(-0.0), np.float64(-0.0), np.float64(-0.0), np.float64(0.0), np.float64(1.0), np.float64(0.0), np.float64(-0.0), np.float64(-0.0), np.float64(-0.0), np.float64(0.0), np.float64(0.0), np.float64(1.0), np.float64(-0.0), np.float64(-0.0), np.float64(-0.0), np.float64(-0.0), np.float64(-0.0), np.float64(-0.0), np.float64(-1.0), np.float64(-0.0), np.float64(-0.0), np.float64(-0.0), np.float64(-0.0), np.float64(-0.0), np.float64(-0.0), np.float64(-1.0), np.float64(-0.0), np.float64(-0.0), np.float64(-0.0), np.float64(-0.0), np.float64(-0.0), np.float64(-0.0), np.float64(-1.0)]"
1738937788013186293,5.75625,5.0455298013245,0.0,0.0,0.0,0.0,1.0,"[np.float64(1.0), np.float64(0.0), np.float64(0.0), np.float64(-0.0), np.float64(-0.0), np.float64(-0.0), np.float64(0.0), np.float64(1.0), np.float64(0.0), np.float64(-0.0), np.float64(-0.0), np.float64(-0.0), np.float64(0.0), np.float64(0.0), np.float64(1.0), np.float64(-0.0), np.float64(-0.0), np.float64(-0.0), np.float64(-0.0), np.float64(-0.0), np.float64(-0.0), np.float64(-1.0), np.float64(-0.0), np.float64(-0.0), np.float64(-0.0), np.float64(-0.0), np.float64(-0.0), np.float64(-0.0), np.float64(-1.0), np.float64(-0.0), np.float64(-0.0), np.float64(-0.0), np.float64(-0.0), np.float64(-0.0), np.float64(-0.0), np.float64(-1.0)]"
1738937789014287649,5.618275316455697,5.514072847682115,0.0,0.0,0.0,0.0,1.0,"[np.float64(1.0), np.float64(0.0), np.float64(0.0), np.float64(-0.0), np.float64(-0.0), np.float64(-0.0), np.float64(0.0), np.float64(1.0), np.float64(0.0), np.float64(-0.0), np.float64(-0.0), np.float64(-0.0), np.float64(0.0), np.float64(0.0), np.float64(1.0), np.float64(-0.0), np.float64(-0.0), np.float64(-0.0), np.float64(-0.0), np.float64(-0.0), np.float64(-0.0), np.float64(-1.0), np.float64(-0.0), np.float64(-0.0), np.float64(-0.0), np.float64(-0.0), np.float64(-0.0), np.float64(-0.0), np.float64(-1.0), np.float64(-0.0), np.float64(-0.0), np.float64(-0.0), np.float64(-0.0), np.float64(-0.0), np.float64(-0.0), np.float64(-1.0)]"
1738937790013218684,5.720806962025315,6.547185430463578,0.0,0.0,0.0,0.0,1.0,"[np.float64(1.0), np.float64(0.0), np.float64(0.0), np.float64(-0.0), np.float64(-0.0), np.float64(-0.0), np.float64(0.0), np.float64(1.0), np.float64(0.0), np.float64(-0.0), np.float64(-0.0), np.float64(-0.0), np.float64(0.0), np.float64(0.0), np.float64(1.0), np.float64(-0.0), np.float64(-0.0), np.float64(-0.0), np.float64(-0.0), np.float64(-0.0), np.float64(-0.0), np.float64(-1.0), np.float64(-0.0), np.float64(-0.0), np.float64(-0.0), np.float64(-0.0), np.float64(-0.0), np.float64(-0.0), np.float64(-1.0), np.float64(-0.0), np.float64(-0.0), np.float64(-0.0), np.float64(-0.0), np.float64(-0.0), np.float64(-0.0), np.float64(-1.0)]"
1738937791013203139,6.506170886075949,7.150662251655632,0.0,0.0,0.0,0.0,1.0,"[np.float64(1.0), np.float64(0.0), np.float64(0.0), np.float64(-0.0), np.float64(-0.0), np.float64(-0.0), np.float64(0.0), np.float64(1.0), np.float64(0.0), np.float64(-0.0), np.float64(-0.0), np.float64(-0.0), np.float64(0.0), np.float64(0.0), np.float64(1.0), np.float64(-0.0), np.float64(-0.0), np.float64(-0.0), np.float64(-0.0), np.float64(-0.0), np.float64(-0.0), np.float64(-1.0), np.float64(-0.0), np.float64(-0.0), np.float64(-0.0), np.float64(-0.0), np.float64(-0.0), np.float64(-0.0), np.float64(-1.0), np.float64(-0.0), np.float64(-0.0), np.float64(-0.0), np.float64(-0.0), np.float64(-0.0), np.float64(-0.0), np.float64(-1.0)]"
1738937792012954975,7.178243670886076,7.512086092715232,0.0,0.0,0.0,0.0,1.0,"[np.float64(1.0), np.float64(0.0), np.float64(0.0), np.float64(-0.0), np.float64(-0.0), np.float64(-0.0), np.float64(0.0), np.float64(1.0), np.float64(0.0), np.float64(-0.0), np.float64(-0.0), np.float64(-0.0), np.float64(0.0), np.float64(0.0), np.float64(1.0), np.float64(-0.0), np.float64(-0.0), np.float64(-0.0), np.float64(-0.0), np.float64(-0.0), np.float64(-0.0), np.float64(-1.0), np.float64(-0.0), np.float64(-0.0), np.float64(-0.0), np.float64(-0.0), np.float64(-0.0), np.float64(-0.0), np.float64(-1.0), np.float64(-0.0), np.float64(-0.0), np.float64(-0.0), np.float64(-0.0), np.float64(-0.0), np.float64(-0.0), np.float64(-1.0)]"
1738937793013190921,7.178243670886076,7.512086092715232,0.0,0.0,0.0,0.0,1.0,"[np.float64(1.0), np.float64(0.0), np.float64(0.0), np.float64(-0.0), np.float64(-0.0), np.float64(-0.0), np.float64(0.0), np.float64(1.0), np.float64(0.0), np.float64(-0.0), np.float64(-0.0), np.float64(-0.0), np.float64(0.0), np.float64(0.0), np.float64(1.0), np.float64(-0.0), np.float64(-0.0), np.float64(-0.0), np.float64(-0.0), np.float64(-0.0), np.float64(-0.0), np.float64(-1.0), np.float64(-0.0), np.float64(-0.0), np.float64(-0.0), np.float64(-0.0), np.float64(-0.0), np.float64(-0.0), np.float64(-1.0), np.float64(-0.0), np.float64(-0.0), np.float64(-0.0), np.float64(-0.0), np.float64(-0.0), np.float64(-0.0), np.float64(-1.0)]"
1738937794013229930,7.813528481012659,7.7574503311258285,0.0,0.0,0.0,0.0,1.0,"[np.float64(1.0), np.float64(0.0), np.float64(0.0), np.float64(-0.0), np.float64(-0.0), np.float64(-0.0), np.float64(0.0), np.float64(1.0), np.float64(0.0), np.float64(-0.0), np.float64(-0.0), np.float64(-0.0), np.float64(0.0), np.float64(0.0), np.float64(1.0), np.float64(-0.0), np.float64(-0.0), np.float64(-0.0), np.float64(-0.0), np.float64(-0.0), np.float64(-0.0), np.float64(-1.0), np.float64(-0.0), np.float64(-0.0), np.float64(-0.0), np.float64(-0.0), np.float64(-0.0), np.float64(-0.0), np.float64(-1.0), np.float64(-0.0), np.float64(-0.0), np.float64(-0.0), np.float64(-0.0), np.float64(-0.0), np.float64(-0.0), np.float64(-1.0)]"
1738937795012941730,8.423892405063292,7.961258278145695,0.0,0.0,0.0,0.0,1.0,"[np.float64(1.0), np.float64(0.0), np.float64(0.0), np.float64(-0.0), np.float64(-0.0), np.float64(-0.0), np.float64(0.0), np.float64(1.0), np.float64(0.0), np.float64(-0.0), np.float64(-0.0), np.float64(-0.0), np.float64(0.0), np.float64(0.0), np.float64(1.0), np.float64(-0.0), np.float64(-0.0), np.float64(-0.0), np.float64(-0.0), np.float64(-0.0), np.float64(-0.0), np.float64(-1.0), np.float64(-0.0), np.float64(-0.0), np.float64(-0.0), np.float64(-0.0), np.float64(-0.0), np.float64(-0.0), np.float64(-1.0), np.float64(-0.0), np.float64(-0.0), np.float64(-0.0), np.float64(-0.0), np.float64(-0.0), np.float64(-0.0), np.float64(-1.0)]"
1738937796012894094,8.760759493670886,8.174834437086094,0.0,0.0,0.0,0.0,1.0,"[np.float64(1.0), np.float64(0.0), np.float64(0.0), np.float64(-0.0), np.float64(-0.0), np.float64(-0.0), np.float64(0.0), np.float64(1.0), np.float64(0.0), np.float64(-0.0), np.float64(-0.0), np.float64(-0.0), np.float64(0.0), np.float64(0.0), np.float64(1.0), np.float64(-0.0), np.float64(-0.0), np.float64(-0.0), np.float64(-0.0), np.float64(-0.0), np.float64(-0.0), np.float64(-1.0), np.float64(-0.0), np.float64(-0.0), np.float64(-0.0), np.float64(-0.0), np.float64(-0.0), np.float64(-0.0), np.float64(-1.0), np.float64(-0.0), np.float64(-0.0), np.float64(-0.0), np.float64(-0.0), np.float64(-0.0), np.float64(-0.0), np.float64(-1.0)]"
1738937797012990527,9.117800632911393,8.675993377483447,0.0,0.0,0.0,0.0,1.0,"[np.float64(1.0), np.float64(0.0), np.float64(0.0), np.float64(-0.0), np.float64(-0.0), np.float64(-0.0), np.float64(0.0), np.float64(1.0), np.float64(0.0), np.float64(-0.0), np.float64(-0.0), np.float64(-0.0), np.float64(0.0), np.float64(0.0), np.float64(1.0), np.float64(-0.0), np.float64(-0.0), np.float64(-0.0), np.float64(-0.0), np.float64(-0.0), np.float64(-0.0), np.float64(-1.0), np.float64(-0.0), np.float64(-0.0), np.float64(-0.0), np.float64(-0.0), np.float64(-0.0), np.float64(-0.0), np.float64(-1.0), np.float64(-0.0), np.float64(-0.0), np.float64(-0.0), np.float64(-0.0), np.float64(-0.0), np.float64(-0.0), np.float64(-1.0)]"
1738937798013022685,9.305142405063293,9.47069536423841,0.0,0.0,0.0,0.0,1.0,"[np.float64(1.0), np.float64(0.0), np.float64(0.0), np.float64(-0.0), np.float64(-0.0), np.float64(-0.0), np.float64(0.0), np.float64(1.0), np.float64(0.0), np.float64(-0.0), np.float64(-0.0), np.float64(-0.0), np.float64(0.0), np.float64(0.0), np.float64(1.0), np.float64(-0.0), np.float64(-0.0), np.float64(-0.0), np.float64(-0.0), np.float64(-0.0), np.float64(-0.0), np.float64(-1.0), np.float64(-0.0), np.float64(-0.0), np.float64(-0.0), np.float64(-0.0), np.float64(-0.0), np.float64(-0.0), np.float64(-1.0), np.float64(-0.0), np.float64(-0.0), np.float64(-0.0), np.float64(-0.0), np.float64(-0.0), np.float64(-0.0), np.float64(-1.0)]"
1738937799014569800,9.046756329113924,10.141887417218543,0.0,0.0,0.0,0.0,1.0,"[np.float64(1.0), np.float64(0.0), np.float64(0.0), np.float64(-0.0), np.float64(-0.0), np.float64(-0.0), np.float64(0.0), np.float64(1.0), np.float64(0.0), np.float64(-0.0), np.float64(-0.0), np.float64(-0.0), np.float64(0.0), np.float64(0.0), np.float64(1.0), np.float64(-0.0), np.float64(-0.0), np.float64(-0.0), np.float64(-0.0), np.float64(-0.0), np.float64(-0.0), np.float64(-1.0), np.float64(-0.0), np.float64(-0.0), np.float64(-0.0), np.float64(-0.0), np.float64(-0.0), np.float64(-0.0), np.float64(-1.0), np.float64(-0.0), np.float64(-0.0), np.float64(-0.0), np.float64(-0.0), np.float64(-0.0), np.float64(-0.0), np.float64(-1.0)]"
1738937800015554642,8.930142405063291,10.720364238410598,0.0,0.0,0.0,0.0,1.0,"[np.float64(1.0), np.float64(0.0), np.float64(0.0), np.float64(-0.0), np.float64(-0.0), np.float64(-0.0), np.float64(0.0), np.float64(1.0), np.float64(0.0), np.float64(-0.0), np.float64(-0.0), np.float64(-0.0), np.float64(0.0), np.float64(0.0), np.float64(1.0), np.float64(-0.0), np.float64(-0.0), np.float64(-0.0), np.float64(-0.0), np.float64(-0.0), np.float64(-0.0), np.float64(-1.0), np.float64(-0.0), np.float64(-0.0), np.float64(-0.0), np.float64(-0.0), np.float64(-0.0), np.float64(-0.0), np.float64(-1.0), np.float64(-0.0), np.float64(-0.0), np.float64(-0.0), np.float64(-0.0), np.float64(-0.0), np.float64(-0.0), np.float64(-1.0)]"
1738937801013221635,8.763924050632912,11.418543046357616,0.0,0.0,0.0,0.0,1.0,"[np.float64(1.0), np.float64(0.0), np.float64(0.0), np.float64(-0.0), np.float64(-0.0), np.float64(-0.0), np.float64(0.0), np.float64(1.0), np.float64(0.0), np.float64(-0.0), np.float64(-0.0), np.float64(-0.0), np.float64(0.0), np.float64(0.0), np.float64(1.0), np.float64(-0.0), np.float64(-0.0), np.float64(-0.0), np.float64(-0.0), np.float64(-0.0), np.float64(-0.0), np.float64(-1.0), np.float64(-0.0), np.float64(-0.0), np.float64(-0.0), np.float64(-0.0), np.float64(-0.0), np.float64(-0.0), np.float64(-1.0), np.float64(-0.0), np.float64(-0.0), np.float64(-0.0), np.float64(-0.0), np.float64(-0.0), np.float64(-0.0), np.float64(-1.0)]"
1738937802015269063,8.763924050632912,11.418543046357616,0.0,0.0,0.0,0.0,1.0,"[np.float64(1.0), np.float64(0.0), np.float64(0.0), np.float64(-0.0), np.float64(-0.0), np.float64(-0.0), np.float64(0.0), np.float64(1.0), np.float64(0.0), np.float64(-0.0), np.float64(-0.0), np.float64(-0.0), np.float64(0.0), np.float64(0.0), np.float64(1.0), np.float64(-0.0), np.float64(-0.0), np.float64(-0.0), np.float64(-0.0), np.float64(-0.0), np.float64(-0.0), np.float64(-1.0), np.float64(-0.0), np.float64(-0.0), np.float64(-0.0), np.float64(-0.0), np.float64(-0.0), np.float64(-0.0), np.float64(-1.0), np.float64(-0.0), np.float64(-0.0), np.float64(-0.0), np.float64(-0.0), np.float64(-0.0), np.float64(-0.0), np.float64(-1.0)]"
1738937803012882985,8.806962025316455,12.168543046357618,0.0,0.0,0.0,0.0,1.0,"[np.float64(1.0), np.float64(0.0), np.float64(0.0), np.float64(-0.0), np.float64(-0.0), np.float64(-0.0), np.float64(0.0), np.float64(1.0), np.float64(0.0), np.float64(-0.0), np.float64(-0.0), np.float64(-0.0), np.float64(0.0), np.float64(0.0), np.float64(1.0), np.float64(-0.0), np.float64(-0.0), np.float64(-0.0), np.float64(-0.0), np.float64(-0.0), np.float64(-0.0), np.float64(-1.0), np.float64(-0.0), np.float64(-0.0), np.float64(-0.0), np.float64(-0.0), np.float64(-0.0), np.float64(-0.0), np.float64(-1.0), np.float64(-0.0), np.float64(-0.0), np.float64(-0.0), np.float64(-0.0), np.float64(-0.0), np.float64(-0.0), np.float64(-1.0)]"
1738937804012839053,9.166534810126583,12.955132450331128,0.0,0.0,0.0,0.0,1.0,"[np.float64(1.0), np.float64(0.0), np.float64(0.0), np.float64(-0.0), np.float64(-0.0), np.float64(-0.0), np.float64(0.0), np.float64(1.0), np.float64(0.0), np.float64(-0.0), np.float64(-0.0), np.float64(-0.0), np.float64(0.0), np.float64(0.0), np.float64(1.0), np.float64(-0.0), np.float64(-0.0), np.float64(-0.0), np.float64(-0.0), np.float64(-0.0), np.float64(-0.0), np.float64(-1.0), np.float64(-0.0), np.float64(-0.0), np.float64(-0.0), np.float64(-0.0), np.float64(-0.0), np.float64(-0.0), np.float64(-1.0), np.float64(-0.0), np.float64(-0.0), np.float64(-0.0), np.float64(-0.0), np.float64(-0.0), np.float64(-0.0), np.float64(-1.0)]"
1738937805013017575,10.038607594936707,12.984437086092715,0.0,0.0,0.0,0.0,1.0,"[np.float64(1.0), np.float64(0.0), np.float64(0.0), np.float64(-0.0), np.float64(-0.0), np.float64(-0.0), np.float64(0.0), np.float64(1.0), np.float64(0.0), np.float64(-0.0), np.float64(-0.0), np.float64(-0.0), np.float64(0.0), np.float64(0.0), np.float64(1.0), np.float64(-0.0), np.float64(-0.0), np.float64(-0.0), np.float64(-0.0), np.float64(-0.0), np.float64(-0.0), np.float64(-1.0), np.float64(-0.0), np.float64(-0.0), np.float64(-0.0), np.float64(-0.0), np.float64(-0.0), np.float64(-0.0), np.float64(-1.0), np.float64(-0.0), np.float64(-0.0), np.float64(-0.0), np.float64(-0.0), np.float64(-0.0), np.float64(-0.0), np.float64(-1.0)]"
1738937806013236817,11.037341772151898,12.93907284768212,0.0,0.0,0.0,0.0,1.0,"[np.float64(1.0), np.float64(0.0), np.float64(0.0), np.float64(-0.0), np.float64(-0.0), np.float64(-0.0), np.float64(0.0), np.float64(1.0), np.float64(0.0), np.float64(-0.0), np.float64(-0.0), np.float64(-0.0), np.float64(0.0), np.float64(0.0), np.float64(1.0), np.float64(-0.0), np.float64(-0.0), np.float64(-0.0), np.float64(-0.0), np.float64(-0.0), np.float64(-0.0), np.float64(-1.0), np.float64(-0.0), np.float64(-0.0), np.float64(-0.0), np.float64(-0.0), np.float64(-0.0), np.float64(-0.0), np.float64(-1.0), np.float64(-0.0), np.float64(-0.0), np.float64(-0.0), np.float64(-0.0), np.float64(-0.0), np.float64(-0.0), np.float64(-1.0)]"
1738937807014812172,11.307120253164555,11.954635761589403,0.0,0.0,0.0,0.0,1.0,"[np.float64(1.0), np.float64(0.0), np.float64(0.0), np.float64(-0.0), np.float64(-0.0), np.float64(-0.0), np.float64(0.0), np.float64(1.0), np.float64(0.0), np.float64(-0.0), np.float64(-0.0), np.float64(-0.0), np.float64(0.0), np.float64(0.0), np.float64(1.0), np.float64(-0.0), np.float64(-0.0), np.float64(-0.0), np.float64(-0.0), np.float64(-0.0), np.float64(-0.0), np.float64(-1.0), np.float64(-0.0), np.float64(-0.0), np.float64(-0.0), np.float64(-0.0), np.float64(-0.0), np.float64(-0.0), np.float64(-1.0), np.float64(-0.0), np.float64(-0.0), np.float64(-0.0), np.float64(-0.0), np.float64(-0.0), np.float64(-0.0), np.float64(-1.0)]"
1738937808013240450,11.255696202531649,10.95662251655629,0.0,0.0,0.0,0.0,1.0,"[np.float64(1.0), np.float64(0.0), np.float64(0.0), np.float64(-0.0), np.float64(-0.0), np.float64(-0.0), np.float64(0.0), np.float64(1.0), np.float64(0.0), np.float64(-0.0), np.float64(-0.0), np.float64(-0.0), np.float64(0.0), np.float64(0.0), np.float64(1.0), np.float64(-0.0), np.float64(-0.0), np.float64(-0.0), np.float64(-0.0), np.float64(-0.0), np.float64(-0.0), np.float64(-1.0), np.float64(-0.0), np.float64(-0.0), np.float64(-0.0), np.float64(-0.0), np.float64(-0.0), np.float64(-0.0), np.float64(-1.0), np.float64(-0.0), np.float64(-0.0), np.float64(-0.0), np.float64(-0.0), np.float64(-0.0), np.float64(-0.0), np.float64(-1.0)]"
1738937809013087818,10.784177215189874,10.457284768211919,0.0,0.0,0.0,0.0,1.0,"[np.float64(1.0), np.float64(0.0), np.float64(0.0), np.float64(-0.0), np.float64(-0.0), np.float64(-0.0), np.float64(0.0), np.float64(1.0), np.float64(0.0), np.float64(-0.0), np.float64(-0.0), np.float64(-0.0), np.float64(0.0), np.float64(0.0), np.float64(1.0), np.float64(-0.0), np.float64(-0.0), np.float64(-0.0), np.float64(-0.0), np.float64(-0.0), np.float64(-0.0), np.float64(-1.0), np.float64(-0.0), np.float64(-0.0), np.float64(-0.0), np.float64(-0.0), np.float64(-0.0), np.float64(-0.0), np.float64(-1.0), np.float64(-0.0), np.float64(-0.0), np.float64(-0.0), np.float64(-0.0), np.float64(-0.0), np.float64(-0.0), np.float64(-1.0)]"
1738937810013072811,10.784177215189874,10.457284768211919,0.0,0.0,0.0,0.0,1.0,"[np.float64(1.0), np.float64(0.0), np.float64(0.0), np.float64(-0.0), np.float64(-0.0), np.float64(-0.0), np.float64(0.0), np.float64(1.0), np.float64(0.0), np.float64(-0.0), np.float64(-0.0), np.float64(-0.0), np.float64(0.0), np.float64(0.0), np.float64(1.0), np.float64(-0.0), np.float64(-0.0), np.float64(-0.0), np.float64(-0.0), np.float64(-0.0), np.float64(-0.0), np.float64(-1.0), np.float64(-0.0), np.float64(-0.0), np.float64(-0.0), np.float64(-0.0), np.float64(-0.0), np.float64(-0.0), np.float64(-1.0), np.float64(-0.0), np.float64(-0.0), np.float64(-0.0), np.float64(-0.0), np.float64(-0.0), np.float64(-0.0), np.float64(-1.0)]"
1738937811012922031,10.240743670886076,9.974337748344373,0.0,0.0,0.0,0.0,1.0,"[np.float64(1.0), np.float64(0.0), np.float64(0.0), np.float64(-0.0), np.float64(-0.0), np.float64(-0.0), np.float64(0.0), np.float64(1.0), np.float64(0.0), np.float64(-0.0), np.float64(-0.0), np.float64(-0.0), np.float64(0.0), np.float64(0.0), np.float64(1.0), np.float64(-0.0), np.float64(-0.0), np.float64(-0.0), np.float64(-0.0), np.float64(-0.0), np.float64(-0.0), np.float64(-1.0), np.float64(-0.0), np.float64(-0.0), np.float64(-0.0), np.float64(-0.0), np.float64(-0.0), np.float64(-0.0), np.float64(-1.0), np.float64(-0.0), np.float64(-0.0), np.float64(-0.0), np.float64(-0.0), np.float64(-0.0), np.float64(-0.0), np.float64(-1.0)]"
1738937812012873137,9.731329113924051,9.877814569536424,0.0,0.0,0.0,0.0,1.0,"[np.float64(1.0), np.float64(0.0), np.float64(0.0), np.float64(-0.0), np.float64(-0.0), np.float64(-0.0), np.float64(0.0), np.float64(1.0), np.float64(0.0), np.float64(-0.0), np.float64(-0.0), np.float64(-0.0), np.float64(0.0), np.float64(0.0), np.float64(1.0), np.float64(-0.0), np.float64(-0.0), np.float64(-0.0), np.float64(-0.0), np.float64(-0.0), np.float64(-0.0), np.float64(-1.0), np.float64(-0.0), np.float64(-0.0), np.float64(-0.0), np.float64(-0.0), np.float64(-0.0), np.float64(-0.0), np.float64(-1.0), np.float64(-0.0), np.float64(-0.0), np.float64(-0.0), np.float64(-0.0), np.float64(-0.0), np.float64(-0.0), np.float64(-1.0)]"
1738937813013115008,9.131091772151898,9.521026490066225,0.0,0.0,0.0,0.0,1.0,"[np.float64(1.0), np.float64(0.0), np.float64(0.0), np.float64(-0.0), np.float64(-0.0), np.float64(-0.0), np.float64(0.0), np.float64(1.0), np.float64(0.0), np.float64(-0.0), np.float64(-0.0), np.float64(-0.0), np.float64(0.0), np.float64(0.0), np.float64(1.0), np.float64(-0.0), np.float64(-0.0), np.float64(-0.0), np.float64(-0.0), np.float64(-0.0), np.float64(-0.0), np.float64(-1.0), np.float64(-0.0), np.float64(-0.0), np.float64(-0.0), np.float64(-0.0), np.float64(-0.0), np.float64(-0.0), np.float64(-1.0), np.float64(-0.0), np.float64(-0.0), np.float64(-0.0), np.float64(-0.0), np.float64(-0.0), np.float64(-0.0), np.float64(-1.0)]"
1738937814013163294,8.667800632911392,8.79652317880795,0.0,0.0,0.0,0.0,1.0,"[np.float64(1.0), np.float64(0.0), np.float64(0.0), np.float64(-0.0), np.float64(-0.0), np.float64(-0.0), np.float64(0.0), np.float64(1.0), np.float64(0.0), np.float64(-0.0), np.float64(-0.0), np.float64(-0.0), np.float64(0.0), np.float64(0.0), np.float64(1.0), np.float64(-0.0), np.float64(-0.0), np.float64(-0.0), np.float64(-0.0), np.float64(-0.0), np.float64(-0.0), np.float64(-1.0), np.float64(-0.0), np.float64(-0.0), np.float64(-0.0), np.float64(-0.0), np.float64(-0.0), np.float64(-0.0), np.float64(-1.0), np.float64(-0.0), np.float64(-0.0), np.float64(-0.0), np.float64(-0.0), np.float64(-0.0), np.float64(-0.0), np.float64(-1.0)]"
1738937815014477067,8.639636075949367,7.921357615894041,0.0,0.0,0.0,0.0,1.0,"[np.float64(1.0), np.float64(0.0), np.float64(0.0), np.float64(-0.0), np.float64(-0.0), np.float64(-0.0), np.float64(0.0), np.float64(1.0), np.float64(0.0), np.float64(-0.0), np.float64(-0.0), np.float64(-0.0), np.float64(0.0), np.float64(0.0), np.float64(1.0), np.float64(-0.0), np.float64(-0.0), np.float64(-0.0), np.float64(-0.0), np.float64(-0.0), np.float64(-0.0), np.float64(-1.0), np.float64(-0.0), np.float64(-0.0), np.float64(-0.0), np.float64(-0.0), np.float64(-0.0), np.float64(-0.0), np.float64(-1.0), np.float64(-0.0), np.float64(-0.0), np.float64(-0.0), np.float64(-0.0), np.float64(-0.0), np.float64(-0.0), np.float64(-1.0)]"
1738937816013009174,9.14754746835443,6.931622516556294,0.0,0.0,0.0,0.0,1.0,"[np.float64(1.0), np.float64(0.0), np.float64(0.0), np.float64(-0.0), np.float64(-0.0), np.float64(-0.0), np.float64(0.0), np.float64(1.0), np.float64(0.0), np.float64(-0.0), np.float64(-0.0), np.float64(-0.0), np.float64(0.0), np.float64(0.0), np.float64(1.0), np.float64(-0.0), np.float64(-0.0), np.float64(-0.0), np.float64(-0.0), np.float64(-0.0), np.float64(-0.0), np.float64(-1.0), np.float64(-0.0), np.float64(-0.0), np.float64(-0.0), np.float64(-0.0), np.float64(-0.0), np.float64(-0.0), np.float64(-1.0), np.float64(-0.0), np.float64(-0.0), np.float64(-0.0), np.float64(-0.0), np.float64(-0.0), np.float64(-0.0), np.float64(-1.0)]"
1738937817013106588,9.869541139240507,6.471688741721857,0.0,0.0,0.0,0.0,1.0,"[np.float64(1.0), np.float64(0.0), np.float64(0.0), np.float64(-0.0), np.float64(-0.0), np.float64(-0.0), np.float64(0.0), np.float64(1.0), np.float64(0.0), np.float64(-0.0), np.float64(-0.0), np.float64(-0.0), np.float64(0.0), np.float64(0.0), np.float64(1.0), np.float64(-0.0), np.float64(-0.0), np.float64(-0.0), np.float64(-0.0), np.float64(-0.0), np.float64(-0.0), np.float64(-1.0), np.float64(-0.0), np.float64(-0.0), np.float64(-0.0), np.float64(-0.0), np.float64(-0.0), np.float64(-0.0), np.float64(-1.0), np.float64(-0.0), np.float64(-0.0), np.float64(-0.0), np.float64(-0.0), np.float64(-0.0), np.float64(-0.0), np.float64(-1.0)]"
1738937818013258685,9.869541139240507,6.471688741721857,0.0,0.0,0.0,0.0,1.0,"[np.float64(1.0), np.float64(0.0), np.float64(0.0), np.float64(-0.0), np.float64(-0.0), np.float64(-0.0), np.float64(0.0), np.float64(1.0), np.float64(0.0), np.float64(-0.0), np.float64(-0.0), np.float64(-0.0), np.float64(0.0), np.float64(0.0), np.float64(1.0), np.float64(-0.0), np.float64(-0.0), np.float64(-0.0), np.float64(-0.0), np.float64(-0.0), np.float64(-0.0), np.float64(-1.0), np.float64(-0.0), np.float64(-0.0), np.float64(-0.0), np.float64(-0.0), np.float64(-0.0), np.float64(-0.0), np.float64(-1.0), np.float64(-0.0), np.float64(-0.0), np.float64(-0.0), np.float64(-0.0), np.float64(-0.0), np.float64(-0.0), np.float64(-1.0)]"
1738937819013534518,10.722151898734177,6.234768211920532,0.0,0.0,0.0,0.0,1.0,"[np.float64(1.0), np.float64(0.0), np.float64(0.0), np.float64(-0.0), np.float64(-0.0), np.float64(-0.0), np.float64(0.0), np.float64(1.0), np.float64(0.0), np.float64(-0.0), np.float64(-0.0), np.float64(-0.0), np.float64(0.0), np.float64(0.0), np.float64(1.0), np.float64(-0.0), np.float64(-0.0), np.float64(-0.0), np.float64(-0.0), np.float64(-0.0), np.float64(-0.0), np.float64(-1.0), np.float64(-0.0), np.float64(-0.0), np.float64(-0.0), np.float64(-0.0), np.float64(-0.0), np.float64(-0.0), np.float64(-1.0), np.float64(-0.0), np.float64(-0.0), np.float64(-0.0), np.float64(-0.0), np.float64(-0.0), np.float64(-0.0), np.float64(-1.0)]"
1738937820013033882,11.607594936708862,6.57516556291391,0.0,0.0,0.0,0.0,1.0,"[np.float64(1.0), np.float64(0.0), np.float64(0.0), np.float64(-0.0), np.float64(-0.0), np.float64(-0.0), np.float64(0.0), np.float64(1.0), np.float64(0.0), np.float64(-0.0), np.float64(-0.0), np.float64(-0.0), np.float64(0.0), np.float64(0.0), np.float64(1.0), np.float64(-0.0), np.float64(-0.0), np.float64(-0.0), np.float64(-0.0), np.float64(-0.0), np.float64(-0.0), np.float64(-1.0), np.float64(-0.0), np.float64(-0.0), np.float64(-0.0), np.float64(-0.0), np.float64(-0.0), np.float64(-0.0), np.float64(-1.0), np.float64(-0.0), np.float64(-0.0), np.float64(-0.0), np.float64(-0.0), np.float64(-0.0), np.float64(-0.0), np.float64(-1.0)]"
1738937821012838882,12.248101265822786,6.940728476821194,0.0,0.0,0.0,0.0,1.0,"[np.float64(1.0), np.float64(0.0), np.float64(0.0), np.float64(-0.0), np.float64(-0.0), np.float64(-0.0), np.float64(0.0), np.float64(1.0), np.float64(0.0), np.float64(-0.0), np.float64(-0.0), np.float64(-0.0), np.float64(0.0), np.float64(0.0), np.float64(1.0), np.float64(-0.0), np.float64(-0.0), np.float64(-0.0), np.float64(-0.0), np.float64(-0.0), np.float64(-0.0), np.float64(-1.0), np.float64(-0.0), np.float64(-0.0), np.float64(-0.0), np.float64(-0.0), np.float64(-0.0), np.float64(-0.0), np.float64(-1.0), np.float64(-0.0), np.float64(-0.0), np.float64(-0.0), np.float64(-0.0), np.float64(-0.0), np.float64(-0.0), np.float64(-1.0)]"
1738937822013076512,12.57254746835443,7.236589403973511,0.0,0.0,0.0,0.0,1.0,"[np.float64(1.0), np.float64(0.0), np.float64(0.0), np.float64(-0.0), np.float64(-0.0), np.float64(-0.0), np.float64(0.0), np.float64(1.0), np.float64(0.0), np.float64(-0.0), np.float64(-0.0), np.float64(-0.0), np.float64(0.0), np.float64(0.0), np.float64(1.0), np.float64(-0.0), np.float64(-0.0), np.float64(-0.0), np.float64(-0.0), np.float64(-0.0), np.float64(-0.0), np.float64(-1.0), np.float64(-0.0), np.float64(-0.0), np.float64(-0.0), np.float64(-0.0), np.float64(-0.0), np.float64(-0.0), np.float64(-1.0), np.float64(-0.0), np.float64(-0.0), np.float64(-0.0), np.float64(-0.0), np.float64(-0.0), np.float64(-0.0), np.float64(-1.0)]"
1738937823013185334,13.1873417721519,7.899668874172185,0.0,0.0,0.0,0.0,1.0,"[np.float64(1.0), np.float64(0.0), np.float64(0.0), np.float64(-0.0), np.float64(-0.0), np.float64(-0.0), np.float64(0.0), np.float64(1.0), np.float64(0.0), np.float64(-0.0), np.float64(-0.0), np.float64(-0.0), np.float64(0.0), np.float64(0.0), np.float64(1.0), np.float64(-0.0), np.float64(-0.0), np.float64(-0.0), np.float64(-0.0), np.float64(-0.0), np.float64(-0.0), np.float64(-1.0), np.float64(-0.0), np.float64(-0.0), np.float64(-0.0), np.float64(-0.0), np.float64(-0.0), np.float64(-0.0), np.float64(-1.0), np.float64(-0.0), np.float64(-0.0), np.float64(-0.0), np.float64(-0.0), np.float64(-0.0), np.float64(-0.0), np.float64(-1.0)]"
1738937824012984834,13.88987341772152,8.266225165562913,0.0,0.0,0.0,0.0,1.0,"[np.float64(1.0), np.float64(0.0), np.float64(0.0), np.float64(-0.0), np.float64(-0.0), np.float64(-0.0), np.float64(0.0), np.float64(1.0), np.float64(0.0), np.float64(-0.0), np.float64(-0.0), np.float64(-0.0), np.float64(0.0), np.float64(0.0), np.float64(1.0), np.float64(-0.0), np.float64(-0.0), np.float64(-0.0), np.float64(-0.0), np.float64(-0.0), np.float64(-0.0), np.float64(-1.0), np.float64(-0.0), np.float64(-0.0), np.float64(-0.0), np.float64(-0.0), np.float64(-0.0), np.float64(-0.0), np.float64(-1.0), np.float64(-0.0), np.float64(-0.0), np.float64(-0.0), np.float64(-0.0), np.float64(-0.0), np.float64(-0.0), np.float64(-1.0)]"
1738937825013116339,14.415506329113922,8.13841059602649,0.0,0.0,0.0,0.0,1.0,"[np.float64(1.0), np.float64(0.0), np.float64(0.0), np.float64(-0.0), np.float64(-0.0), np.float64(-0.0), np.float64(0.0), np.float64(1.0), np.float64(0.0), np.float64(-0.0), np.float64(-0.0), np.float64(-0.0), np.float64(0.0), np.float64(0.0), np.float64(1.0), np.float64(-0.0), np.float64(-0.0), np.float64(-0.0), np.float64(-0.0), np.float64(-0.0), np.float64(-0.0), np.float64(-1.0), np.float64(-0.0), np.float64(-0.0), np.float64(-0.0), np.float64(-0.0), np.float64(-0.0), np.float64(-0.0), np.float64(-1.0), np.float64(-0.0), np.float64(-0.0), np.float64(-0.0), np.float64(-0.0), np.float64(-0.0), np.float64(-0.0), np.float64(-1.0)]"
1738937826012796159,14.415506329113922,8.13841059602649,0.0,0.0,0.0,0.0,1.0,"[np.float64(1.0), np.float64(0.0), np.float64(0.0), np.float64(-0.0), np.float64(-0.0), np.float64(-0.0), np.float64(0.0), np.float64(1.0), np.float64(0.0), np.float64(-0.0), np.float64(-0.0), np.float64(-0.0), np.float64(0.0), np.float64(0.0), np.float64(1.0), np.float64(-0.0), np.float64(-0.0), np.float64(-0.0), np.float64(-0.0), np.float64(-0.0), np.float64(-0.0), np.float64(-1.0), np.float64(-0.0), np.float64(-0.0), np.float64(-0.0), np.float64(-0.0), np.float64(-0.0), np.float64(-0.0), np.float64(-1.0), np.float64(-0.0), np.float64(-0.0), np.float64(-0.0), np.float64(-0.0), np.float64(-0.0), np.float64(-0.0), np.float64(-1.0)]"
1738937827012812446,14.415506329113922,8.13841059602649,0.0,0.0,0.0,0.0,1.0,"[np.float64(1.0), np.float64(0.0), np.float64(0.0), np.float64(-0.0), np.float64(-0.0), np.float64(-0.0), np.float64(0.0), np.float64(1.0), np.float64(0.0), np.float64(-0.0), np.float64(-0.0), np.float64(-0.0), np.float64(0.0), np.float64(0.0), np.float64(1.0), np.float64(-0.0), np.float64(-0.0), np.float64(-0.0), np.float64(-0.0), np.float64(-0.0), np.float64(-0.0), np.float64(-1.0), np.float64(-0.0), np.float64(-0.0), np.float64(-0.0), np.float64(-0.0), np.float64(-0.0), np.float64(-0.0), np.float64(-1.0), np.float64(-0.0), np.float64(-0.0), np.float64(-0.0), np.float64(-0.0), np.float64(-0.0), np.float64(-0.0), np.float64(-1.0)]"
1738937828013189553,14.415506329113922,8.13841059602649,0.0,0.0,0.0,0.0,1.0,"[np.float64(1.0), np.float64(0.0), np.float64(0.0), np.float64(-0.0), np.float64(-0.0), np.float64(-0.0), np.float64(0.0), np.float64(1.0), np.float64(0.0), np.float64(-0.0), np.float64(-0.0), np.float64(-0.0), np.float64(0.0), np.float64(0.0), np.float64(1.0), np.float64(-0.0), np.float64(-0.0), np.float64(-0.0), np.float64(-0.0), np.float64(-0.0), np.float64(-0.0), np.float64(-1.0), np.float64(-0.0), np.float64(-0.0), np.float64(-0.0), np.float64(-0.0), np.float64(-0.0), np.float64(-0.0), np.float64(-1.0), np.float64(-0.0), np.float64(-0.0), np.float64(-0.0), np.float64(-0.0), np.float64(-0.0), np.float64(-0.0), np.float64(-1.0)]"
1738937829013222470,15.40253164556962,6.959271523178809,0.0,0.0,0.0,0.0,1.0,"[np.float64(1.0), np.float64(0.0), np.float64(0.0), np.float64(-0.0), np.float64(-0.0), np.float64(-0.0), np.float64(0.0), np.float64(1.0), np.float64(0.0), np.float64(-0.0), np.float64(-0.0), np.float64(-0.0), np.float64(0.0), np.float64(0.0), np.float64(1.0), np.float64(-0.0), np.float64(-0.0), np.float64(-0.0), np.float64(-0.0), np.float64(-0.0), np.float64(-0.0), np.float64(-1.0), np.float64(-0.0), np.float64(-0.0), np.float64(-0.0), np.float64(-0.0), np.float64(-0.0), np.float64(-0.0), np.float64(-1.0), np.float64(-0.0), np.float64(-0.0), np.float64(-0.0), np.float64(-0.0), np.float64(-0.0), np.float64(-0.0), np.float64(-1.0)]"
1738937830013073319,15.542009493670884,7.130960264900663,0.0,0.0,0.0,0.0,1.0,"[np.float64(1.0), np.float64(0.0), np.float64(0.0), np.float64(-0.0), np.float64(-0.0), np.float64(-0.0), np.float64(0.0), np.float64(1.0), np.float64(0.0), np.float64(-0.0), np.float64(-0.0), np.float64(-0.0), np.float64(0.0), np.float64(0.0), np.float64(1.0), np.float64(-0.0), np.float64(-0.0), np.float64(-0.0), np.float64(-0.0), np.float64(-0.0), np.float64(-0.0), np.float64(-1.0), np.float64(-0.0), np.float64(-0.0), np.float64(-0.0), np.float64(-0.0), np.float64(-0.0), np.float64(-0.0), np.float64(-1.0), np.float64(-0.0), np.float64(-0.0), np.float64(-0.0), np.float64(-0.0), np.float64(-0.0), np.float64(-0.0), np.float64(-1.0)]"
1738937831013020443,15.541376582278481,7.249834437086094,0.0,0.0,0.0,0.0,1.0,"[np.float64(1.0), np.float64(0.0), np.float64(0.0), np.float64(-0.0), np.float64(-0.0), np.float64(-0.0), np.float64(0.0), np.float64(1.0), np.float64(0.0), np.float64(-0.0), np.float64(-0.0), np.float64(-0.0), np.float64(0.0), np.float64(0.0), np.float64(1.0), np.float64(-0.0), np.float64(-0.0), np.float64(-0.0), np.float64(-0.0), np.float64(-0.0), np.float64(-0.0), np.float64(-1.0), np.float64(-0.0), np.float64(-0.0), np.float64(-0.0), np.float64(-0.0), np.float64(-0.0), np.float64(-0.0), np.float64(-1.0), np.float64(-0.0), np.float64(-0.0), np.float64(-0.0), np.float64(-0.0), np.float64(-0.0), np.float64(-0.0), np.float64(-1.0)]"
1738937832013244815,15.51123417721519,7.308278145695363,0.0,0.0,0.0,0.0,1.0,"[np.float64(1.0), np.float64(0.0), np.float64(0.0), np.float64(-0.0), np.float64(-0.0), np.float64(-0.0), np.float64(0.0), np.float64(1.0), np.float64(0.0), np.float64(-0.0), np.float64(-0.0), np.float64(-0.0), np.float64(0.0), np.float64(0.0), np.float64(1.0), np.float64(-0.0), np.float64(-0.0), np.float64(-0.0), np.float64(-0.0), np.float64(-0.0), np.float64(-0.0), np.float64(-1.0), np.float64(-0.0), np.float64(-0.0), np.float64(-0.0), np.float64(-0.0), np.float64(-0.0), np.float64(-0.0), np.float64(-1.0), np.float64(-0.0), np.float64(-0.0), np.float64(-0.0), np.float64(-0.0), np.float64(-0.0), np.float64(-0.0), np.float64(-1.0)]"
